{
  "SteinhartHart": {
    "A": 0.002108508173112712,
    "B": 7.979204726779853e-05,
    "C": 6.535076314649454e-07
  },
  "BetaModel": {
    "beta": 3799.4188763578936,
    "R25": 9637.28596556779
  },
  "notes": "Units: A,B,C in 1/K; beta in K; R25 in ohms."
}